{"cameraMode":{"drawMode":0,"name":"Shaded","section":"Shading Mode"},"sceneLighting":true,"audioPlay":false,"sceneViewState":{"m_AlwaysRefresh":false,"showFog":true,"showSkybox":true,"showFlares":true,"showImageEffects":true,"showParticleSystems":true,"showVisualEffectGraphs":true,"m_FxEnabled":true},"in2DMode":false,"pivot":{"x":2.944333076477051,"y":0.760518491268158,"z":17.122411727905275},"rotation":{"x":0.25870776176452639,"y":0.07525172829627991,"z":-0.020220361649990083,"w":0.9628116488456726},"size":11.628037452697754,"orthographic":true}