{"cameraMode":{"drawMode":0,"name":"Shaded","section":"Shading Mode"},"sceneLighting":true,"audioPlay":false,"sceneViewState":{"m_AlwaysRefresh":false,"showFog":true,"showSkybox":true,"showFlares":true,"showImageEffects":true,"showParticleSystems":true,"showVisualEffectGraphs":true,"m_FxEnabled":true},"in2DMode":false,"pivot":{"x":1.187967300415039,"y":0.05856016278266907,"z":14.353425025939942},"rotation":{"x":0.2507752776145935,"y":-0.01219888124614954,"z":0.0031593255698680879,"w":0.9679704308509827},"size":2.8734965324401857,"orthographic":true}