{"cameraMode":{"drawMode":0,"name":"Shaded","section":"Shading Mode"},"sceneLighting":true,"audioPlay":false,"sceneViewState":{"m_AlwaysRefresh":false,"showFog":true,"showSkybox":true,"showFlares":true,"showImageEffects":true,"showParticleSystems":true,"showVisualEffectGraphs":true,"m_FxEnabled":true},"in2DMode":false,"pivot":{"x":-2.040391683578491,"y":0.8722010850906372,"z":0.8272695541381836},"rotation":{"x":0.24967961013317109,"y":-0.280572772026062,"z":0.07584146410226822,"w":0.9236813187599182},"size":10.909354209899903,"orthographic":true}