{"cameraMode":{"drawMode":0,"name":"Shaded","section":"Shading Mode"},"sceneLighting":true,"audioPlay":false,"sceneViewState":{"m_AlwaysRefresh":false,"showFog":true,"showSkybox":true,"showFlares":true,"showImageEffects":true,"showParticleSystems":true,"showVisualEffectGraphs":true,"m_FxEnabled":true},"in2DMode":false,"pivot":{"x":19.774852752685548,"y":20.65411376953125,"z":39.2464714050293},"rotation":{"x":-0.13127000629901887,"y":0.19873036444187165,"z":-0.026894282549619676,"w":-0.9708684086799622},"size":31.116147994995118,"orthographic":true}