{"cameraMode":{"drawMode":0,"name":"Shaded","section":"Shading Mode"},"sceneLighting":true,"audioPlay":false,"sceneViewState":{"m_AlwaysRefresh":false,"showFog":true,"showSkybox":true,"showFlares":true,"showImageEffects":true,"showParticleSystems":true,"showVisualEffectGraphs":true,"m_FxEnabled":true},"in2DMode":false,"pivot":{"x":-1.0894584655761719,"y":9.189299583435059,"z":87.75227355957031},"rotation":{"x":0.18769237399101258,"y":-0.26023992896080019,"z":0.05162428691983223,"w":0.9457949995994568},"size":39.22026443481445,"orthographic":true}