{"cameraMode":{"drawMode":0,"name":"Shaded","section":"Shading Mode"},"sceneLighting":true,"audioPlay":false,"sceneViewState":{"m_AlwaysRefresh":false,"showFog":true,"showSkybox":true,"showFlares":true,"showImageEffects":true,"showParticleSystems":true,"showVisualEffectGraphs":true,"m_FxEnabled":true},"in2DMode":false,"pivot":{"x":-0.10920601338148117,"y":0.9951639175415039,"z":-4.6201043128967289},"rotation":{"x":0.32825106382369997,"y":0.021588288247585298,"z":-0.007494411896914244,"w":0.9444491267204285},"size":6.748569965362549,"orthographic":true}