{"cameraMode":{"drawMode":0,"name":"Shaded","section":"Shading Mode"},"sceneLighting":true,"audioPlay":false,"sceneViewState":{"m_AlwaysRefresh":false,"showFog":true,"showSkybox":true,"showFlares":true,"showImageEffects":true,"showParticleSystems":true,"showVisualEffectGraphs":true,"m_FxEnabled":true},"in2DMode":false,"pivot":{"x":16.367572784423829,"y":0.6594944000244141,"z":12.07664966583252},"rotation":{"x":-0.25566577911376955,"y":0.08254969120025635,"z":-0.021895170211791993,"w":-0.9630019068717957},"size":12.55204963684082,"orthographic":true}