{"cameraMode":{"drawMode":0,"name":"Shaded","section":"Shading Mode"},"sceneLighting":true,"audioPlay":false,"sceneViewState":{"m_AlwaysRefresh":false,"showFog":true,"showSkybox":true,"showFlares":true,"showImageEffects":true,"showParticleSystems":true,"showVisualEffectGraphs":true,"m_FxEnabled":true},"in2DMode":false,"pivot":{"x":-0.08340775966644287,"y":-0.676256537437439,"z":-0.5313586592674255},"rotation":{"x":0.5508018732070923,"y":0.04751453921198845,"z":-0.03143014386296272,"w":0.8326904773712158},"size":14.304224967956543,"orthographic":true}