{"cameraMode":{"drawMode":0,"name":"Shaded","section":"Shading Mode"},"sceneLighting":true,"audioPlay":false,"sceneViewState":{"m_AlwaysRefresh":false,"showFog":true,"showSkybox":true,"showFlares":true,"showImageEffects":true,"showParticleSystems":true,"showVisualEffectGraphs":true,"m_FxEnabled":true},"in2DMode":false,"pivot":{"x":-0.7738039493560791,"y":20.494590759277345,"z":-1.7376649379730225},"rotation":{"x":0.3754937946796417,"y":0.049181632697582248,"z":-0.01995895430445671,"w":0.9253079891204834},"size":14.18412971496582,"orthographic":false}