{"cameraMode":{"drawMode":0,"name":"Shaded","section":"Shading Mode"},"sceneLighting":true,"audioPlay":false,"sceneViewState":{"m_AlwaysRefresh":false,"showFog":true,"showSkybox":true,"showFlares":true,"showImageEffects":true,"showParticleSystems":true,"showVisualEffectGraphs":true,"m_FxEnabled":true},"in2DMode":false,"pivot":{"x":2.7957615852355959,"y":-0.428609162569046,"z":22.661563873291017},"rotation":{"x":0.0008853387553244829,"y":-0.9988840222358704,"z":-0.02608446218073368,"w":-0.03992258012294769},"size":1.0755928754806519,"orthographic":false}