{"cameraMode":{"drawMode":0,"name":"Shaded","section":"Shading Mode"},"sceneLighting":true,"audioPlay":false,"sceneViewState":{"m_AlwaysRefresh":false,"showFog":true,"showSkybox":true,"showFlares":true,"showImageEffects":true,"showParticleSystems":true,"showVisualEffectGraphs":true,"m_FxEnabled":true},"in2DMode":false,"pivot":{"x":0.056052252650260928,"y":4.452342987060547,"z":7.862873077392578},"rotation":{"x":0.2631783187389374,"y":-0.024599047377705575,"z":0.006711173802614212,"w":0.9644349813461304},"size":12.918485641479493,"orthographic":true}