{"cameraMode":{"drawMode":0,"name":"Shaded","section":"Shading Mode"},"sceneLighting":true,"audioPlay":false,"sceneViewState":{"m_AlwaysRefresh":false,"showFog":true,"showSkybox":true,"showFlares":true,"showImageEffects":true,"showParticleSystems":true,"showVisualEffectGraphs":true,"m_FxEnabled":true},"in2DMode":false,"pivot":{"x":1.1970551013946534,"y":-0.483914852142334,"z":12.64118480682373},"rotation":{"x":0.46304649114608767,"y":0.015155915170907975,"z":-0.0079227015376091,"w":0.8861796855926514},"size":15.57480239868164,"orthographic":true}