{"cameraMode":{"drawMode":0,"name":"Shaded","section":"Shading Mode"},"sceneLighting":true,"audioPlay":false,"sceneViewState":{"m_AlwaysRefresh":false,"showFog":true,"showSkybox":true,"showFlares":true,"showImageEffects":true,"showParticleSystems":true,"showVisualEffectGraphs":true,"m_FxEnabled":true},"in2DMode":false,"pivot":{"x":-13.134369850158692,"y":1.6502563953399659,"z":-9.093561172485352},"rotation":{"x":0.10732820630073548,"y":-0.6700047850608826,"z":0.09879976511001587,"w":0.7279113531112671},"size":63.18735122680664,"orthographic":true}