{"cameraMode":{"drawMode":0,"name":"Shaded","section":"Shading Mode"},"sceneLighting":true,"audioPlay":false,"sceneViewState":{"m_AlwaysRefresh":false,"showFog":true,"showSkybox":true,"showFlares":true,"showImageEffects":true,"showParticleSystems":true,"showVisualEffectGraphs":true,"m_FxEnabled":true},"in2DMode":false,"pivot":{"x":9.552602767944336,"y":0.03163909912109375,"z":43.040740966796878},"rotation":{"x":-0.5501192808151245,"y":-0.02929210662841797,"z":0.019313795492053033,"w":-0.83437579870224},"size":46.887603759765628,"orthographic":true}