{"cameraMode":{"drawMode":0,"name":"Shaded","section":"Shading Mode"},"sceneLighting":true,"audioPlay":false,"sceneViewState":{"m_AlwaysRefresh":false,"showFog":true,"showSkybox":true,"showFlares":true,"showImageEffects":true,"showParticleSystems":true,"showVisualEffectGraphs":true,"m_FxEnabled":true},"in2DMode":false,"pivot":{"x":3.0882949829101564,"y":2.05361270904541,"z":11.786168098449707},"rotation":{"x":0.5707968473434448,"y":0.006895572878420353,"z":-0.004794007632881403,"w":0.8210495114326477},"size":16.828907012939454,"orthographic":true}