{"cameraMode":{"drawMode":0,"name":"Shaded","section":"Shading Mode"},"sceneLighting":false,"audioPlay":false,"sceneViewState":{"m_AlwaysRefresh":false,"showFog":true,"showSkybox":false,"showFlares":true,"showImageEffects":true,"showParticleSystems":true,"showVisualEffectGraphs":true,"m_FxEnabled":true},"in2DMode":false,"pivot":{"x":0.035761404782533649,"y":-0.0031253695487976076,"z":-0.19588080048561097},"rotation":{"x":0.7022148370742798,"y":-0.0010687801986932755,"z":0.0010518340859562159,"w":0.7119702100753784},"size":0.7226441502571106,"orthographic":false}