{"cameraMode":{"drawMode":0,"name":"Shaded","section":"Shading Mode"},"sceneLighting":false,"audioPlay":false,"sceneViewState":{"m_AlwaysRefresh":false,"showFog":true,"showSkybox":false,"showFlares":true,"showImageEffects":true,"showParticleSystems":true,"showVisualEffectGraphs":true,"m_FxEnabled":true},"in2DMode":false,"pivot":{"x":2.205782890319824,"y":0.014020442962646485,"z":0.020410537719726564},"rotation":{"x":0.30981341004371645,"y":-0.3389110565185547,"z":0.11927124112844467,"w":0.8803102374076843},"size":1.8676531314849854,"orthographic":false}