{"cameraMode":{"drawMode":0,"name":"Shaded","section":"Shading Mode"},"sceneLighting":false,"audioPlay":false,"sceneViewState":{"m_AlwaysRefresh":false,"showFog":true,"showSkybox":false,"showFlares":true,"showImageEffects":true,"showParticleSystems":true,"showVisualEffectGraphs":true,"m_FxEnabled":true},"in2DMode":false,"pivot":{"x":-1.0890235900878907,"y":-0.5864410400390625,"z":56.256256103515628},"rotation":{"x":0.36944660544395449,"y":-0.0459701269865036,"z":0.018303463235497476,"w":0.927940845489502},"size":34.00575637817383,"orthographic":false}