{"cameraMode":{"drawMode":0,"name":"Shaded","section":"Shading Mode"},"sceneLighting":false,"audioPlay":false,"sceneViewState":{"m_AlwaysRefresh":false,"showFog":true,"showSkybox":false,"showFlares":true,"showImageEffects":true,"showParticleSystems":true,"showVisualEffectGraphs":true,"m_FxEnabled":true},"in2DMode":false,"pivot":{"x":-1.6972686052322388,"y":-7.609813213348389,"z":17.699600219726564},"rotation":{"x":0.23742464184761048,"y":0.11681937426328659,"z":-0.028774773702025415,"w":0.9639348983764648},"size":0.6101828813552856,"orthographic":true}